alert_id,entity_id,orig_severity,severity,asset_id,technique_id,created_at,closed_at,sla_hours,escalated,status,handling_minutes,analyst,reported_minutes
DEMO-0001,DEMO-BANK-01,critical,critical,DB-01,T1003,2026-08-01T09:00:00,2026-08-01T13:30:00,8,true,closed,270.0,an-1,270.0
DEMO-0002,DEMO-BANK-01,high,high,APP-01,T1190,2026-08-01T10:15:00,2026-08-01T16:45:00,24,true,closed,390.0,an-2,390.0
DEMO-0003,DEMO-BANK-01,medium,medium,WS-02,T1059,2026-08-01T11:00:00,2026-08-02T09:00:00,48,false,closed,1320.0,an-1,1320.0
DEMO-0004,DEMO-BANK-01,high,high,MAIL-01,T1566,2026-08-02T08:30:00,2026-08-02T12:00:00,24,true,closed,210.0,an-3,210.0
DEMO-0005,DEMO-BANK-01,low,low,WS-02,T1059,2026-08-02T14:00:00,2026-08-03T10:00:00,72,false,closed,1200.0,an-2,1200.0
DEMO-0006,DEMO-BANK-01,medium,medium,APP-01,T1059,2026-08-03T09:00:00,2026-08-03T18:00:00,48,false,closed,540.0,an-1,540.0
DEMO-0007,DEMO-BANK-01,critical,critical,DB-01,T1021,2026-08-03T11:00:00,2026-08-03T15:00:00,8,true,closed,240.0,an-1,240.0
DEMO-0008,DEMO-BANK-01,low,low,WS-02,T1059,2026-08-03T16:00:00,2026-08-04T12:00:00,72,false,closed,1200.0,an-3,1200.0
DEMO-0009,DEMO-BANK-02,critical,critical,DB-01,T1003,2026-08-01T09:02:00,2026-08-01T09:08:00,8,false,closed,6.0,an-3,6.0
DEMO-0010,DEMO-BANK-02,critical,critical,DB-01,T1486,2026-08-01T09:20:00,2026-08-01T09:32:00,8,false,closed,12.0,an-3,12.0
DEMO-0011,DEMO-BANK-02,critical,critical,DB-01,T1003,2026-08-01T10:05:00,2026-08-01T10:11:00,8,false,closed,6.0,an-3,6.0
DEMO-0012,DEMO-BANK-02,critical,critical,DB-01,T1486,2026-08-02T08:40:00,2026-08-02T08:49:00,8,false,closed,9.0,an-3,9.0
DEMO-0013,DEMO-BANK-02,critical,critical,DB-01,T1003,2026-08-02T11:15:00,2026-08-02T11:21:00,8,false,closed,6.0,an-3,6.0
DEMO-0014,DEMO-BANK-02,high,high,APP-01,T1190,2026-08-01T13:00:00,2026-08-01T18:00:00,24,true,closed,300.0,an-4,300.0
DEMO-0015,DEMO-BANK-02,high,high,APP-01,T1059,2026-08-02T14:00:00,2026-08-02T20:00:00,24,true,closed,360.0,an-4,360.0
DEMO-0016,DEMO-BANK-02,medium,medium,WS-02,T1059,2026-08-01T15:00:00,2026-08-02T11:00:00,48,false,closed,1200.0,an-4,1200.0
DEMO-0017,DEMO-BANK-02,low,low,WS-02,T1059,2026-08-02T16:00:00,2026-08-03T12:00:00,72,false,closed,1200.0,an-4,1200.0
DEMO-0018,DEMO-BANK-02,medium,medium,APP-01,T1021,2026-08-03T10:00:00,2026-08-03T16:00:00,48,false,closed,360.0,an-3,360.0
DEMO-0019,DEMO-BANK-02,low,low,WS-02,T1059,2026-08-03T12:00:00,2026-08-04T08:00:00,72,false,closed,1200.0,an-3,1200.0
DEMO-0020,DEMO-BANK-02,high,high,DB-01,T1021,2026-08-03T09:00:00,2026-08-03T14:00:00,24,true,closed,300.0,an-4,300.0
