asset_id,entity_id,criticality,role,status
DB-01,DEMO-BANK-01,Tier-1,db-server,active
APP-01,DEMO-BANK-01,Tier-2,edr-covered,active
MAIL-01,DEMO-BANK-01,Tier-2,mail-gateway,active
WS-02,DEMO-BANK-01,Tier-3,workstation,active
WS-03,DEMO-BANK-01,Tier-3,workstation,active
VAULT-01,DEMO-BANK-01,Tier-1,db-server,active
DB-01,DEMO-BANK-02,Tier-1,db-server,active
APP-01,DEMO-BANK-02,Tier-2,edr-covered,active
MAIL-01,DEMO-BANK-02,Tier-2,mail-gateway,active
WS-02,DEMO-BANK-02,Tier-3,workstation,active
WS-03,DEMO-BANK-02,Tier-3,workstation,active
VAULT-01,DEMO-BANK-02,Tier-1,db-server,active
DB-01,DEMO-BANK-03,Tier-1,db-server,active
APP-01,DEMO-BANK-03,Tier-2,edr-covered,active
MAIL-01,DEMO-BANK-03,Tier-2,mail-gateway,active
WS-02,DEMO-BANK-03,Tier-3,workstation,active
WS-03,DEMO-BANK-03,Tier-3,workstation,active
VAULT-01,DEMO-BANK-03,Tier-1,db-server,active
DB-01,DEMO-BANK-04,Tier-1,db-server,active
APP-01,DEMO-BANK-04,Tier-2,edr-covered,active
MAIL-01,DEMO-BANK-04,Tier-2,mail-gateway,active
WS-02,DEMO-BANK-04,Tier-3,workstation,active
WS-03,DEMO-BANK-04,Tier-3,workstation,active
VAULT-01,DEMO-BANK-04,Tier-1,db-server,active
DB-01,DEMO-BANK-05,Tier-1,db-server,active
APP-01,DEMO-BANK-05,Tier-2,edr-covered,active
MAIL-01,DEMO-BANK-05,Tier-2,mail-gateway,active
WS-02,DEMO-BANK-05,Tier-3,workstation,active
WS-03,DEMO-BANK-05,Tier-3,workstation,active
VAULT-01,DEMO-BANK-05,Tier-1,db-server,active
DB-01,DEMO-BANK-06,Tier-1,db-server,active
APP-01,DEMO-BANK-06,Tier-2,edr-covered,active
MAIL-01,DEMO-BANK-06,Tier-2,mail-gateway,active
WS-02,DEMO-BANK-06,Tier-3,workstation,active
WS-03,DEMO-BANK-06,Tier-3,workstation,active
VAULT-01,DEMO-BANK-06,Tier-1,db-server,active
